formula_config,output_type,icon,description,input_fields,related_tool_ids,long_description,featured_image,seo_title,is_trending,usage_count,category_id,faq,name,seo_description,formula_type,sort_order,slug,is_featured,status,seo_keywords,id,created_date,updated_date,created_by_id,created_by,is_sample
"","text","Minimize2","Real PDF compression via page re-rendering. Target 50KB/100KB/200KB. DPI control, grayscale, metadata removal. Genuine 50-90% size reduction.","[]","[]","<p><strong>Real PDF compression</strong> — pages are re-rendered via PDF.js and recompressed as JPEG, achieving genuine 50–90% size reduction. Set target sizes (50KB, 100KB, 200KB+) and the tool binary-searches for the best quality that fits. DPI control, grayscale mode, and metadata removal included.</p>","","PDF Size Reducer — Compress PDF to 100KB 200KB Online Free","true","8513","69ffed31dfb6ae9768b83391","[]","PDF Size Reducer","Reduce PDF file size online. Target 50KB, 100KB, 200KB, 500KB or 1MB output. Quality presets, metadata removal. 100% browser-based, private.","","10","pdf-size-reducer","true","published","pdf size reducer, compress pdf online, reduce pdf size, pdf compressor 200kb","6a05ddf9bca1c7335867f589","2026-05-14T14:36:41.579000","2026-05-14T15:28:54.704000","69ffeaa17ae1df15a357b75e","arulraj8637@gmail.com","false"
"","text","ImageIcon","Convert PDF pages to high-quality JPG or PNG images. Control DPI, quality, and select specific pages to export.","[]","[]","<p>Convert any PDF page to high-resolution images. Choose JPEG or PNG format, set DPI from 72 to 288, select specific page ranges, and download individually. All processing is client-side.</p>","","PDF to Image Converter Online — Convert PDF Pages to JPG PNG","false","6203","69ffed31dfb6ae9768b83391","[]","PDF to Image","Convert PDF pages to JPG or PNG images online. Select specific pages, control DPI and quality. Free, instant, browser-based PDF to image converter.","","11","pdf-to-image","true","published","pdf to image, pdf to jpg, pdf to png, convert pdf pages to images online","6a05ddf9bca1c7335867f58a","2026-05-14T14:36:41.579000","2026-05-14T15:06:43.750000","69ffeaa17ae1df15a357b75e","arulraj8637@gmail.com","false"
"","text","FileImage","Convert multiple JPG, PNG, WebP images to a PDF. Control page size, orientation, fit mode, margins, and image quality.","[]","[]","<p>Convert one or more images into a professional PDF document. Choose A4, Letter, or A3 page sizes, set portrait or landscape orientation, control image fit modes (fit, fill, stretch), adjust margins, and set JPEG quality. Supports grayscale output for exam portals.</p>","","Image to PDF Converter Online — JPG PNG WebP to PDF Free","true","7803","69ffed31dfb6ae9768b83391","[]","Image to PDF","Convert JPG, PNG, WebP images to PDF online free. Multiple images, A4/Letter page size, fit modes, margins, and quality control. 100% client-side.","","12","image-to-pdf","false","published","image to pdf, jpg to pdf converter, png to pdf, multiple images to pdf","6a05ddf9bca1c7335867f58b","2026-05-14T14:36:41.579000","2026-05-14T15:08:39.837000","69ffeaa17ae1df15a357b75e","arulraj8637@gmail.com","false"
"","text","ScanLine","CamScanner-grade scanner: shadow removal, adaptive thresholding, unsharp masking. 5 scan modes, batch processing, fine-tune controls, PDF export.","[]","[]","<p><strong>CamScanner-grade document enhancement</strong> with 5 scan modes: Magic Scan (shadow removal + whitening + unsharp masking), Document (high-contrast text), B&W (adaptive thresholding), Color Enhance, and Soft. Pixel-level processing pipeline, multi-image batch scan, PDF export. Fine-tune contrast, brightness, and B&W sensitivity.</p>","","Document Scanner Online — Scan & Enhance Photos to PDF Free","true","9116","69ffed31dfb6ae9768b83391","[]","Document Scanner","Scan documents online using your phone camera. Enhance photos to clean scanned documents with contrast boost, shadow removal. Export JPG or PDF. Free.","","13","document-scanner","true","published","document scanner online, scan document to pdf, enhance document photo, mobile scanner","6a05ddf9bca1c7335867f58c","2026-05-14T14:36:41.579000","2026-05-14T15:05:47.021000","69ffeaa17ae1df15a357b75e","arulraj8637@gmail.com","false"
"","text","Scissors","Visual thumbnail page selector — click pages to extract, use range input (1,3,5-8). Progressive thumbnail loading, quality-preserving extraction.","[]","[]","<p><strong>Visual page extractor</strong> with thumbnail preview grid powered by PDF.js. Click pages to select, use range input (1,3,5-8), or select all/none. Supports up to 40 visual thumbnails with progressive loading. Preserves original PDF quality in extracted output.</p>","","PDF Page Extractor — Extract Pages from PDF Online Free","false","4301","69ffed31dfb6ae9768b83391","[]","PDF Page Extractor","Extract specific pages from PDF online. Enter page numbers or ranges like 1,3,5-8. Download as new PDF. Free, instant, browser-based extraction.","","14","pdf-page-extractor","false","published","pdf page extractor, extract pages from pdf, pdf page range, split pdf pages","6a05ddf9bca1c7335867f58d","2026-05-14T14:36:41.579000","2026-05-14T14:58:29.042000","69ffeaa17ae1df15a357b75e","arulraj8637@gmail.com","false"
"","text","FileCheck","Government exam portal optimizer — SSC, Railway, Banking, UPSC presets. Auto-compress certificates, Aadhaar, PAN, mark sheets to exact KB targets.","[]","[]","<p><strong>Exam-portal optimized PDF compressor</strong> for SSC, Railway, Banking, UPSC, TNPSC portals. Binary-search quality algorithm finds the best JPEG quality that fits within your target KB. Presets for Certificate (200KB), Mark Sheet (300KB), Aadhaar (100KB), PAN (80KB). All processing client-side.</p>","","Exam Document PDF Compressor — Compress PDF for Exam Portals Online","true","12403","69ffed31dfb6ae9768b83391","[]","Exam Document PDF Compressor","Compress exam documents PDF for SSC, IBPS, RRB portals. Certificate 200KB, Aadhaar 100KB, PAN 80KB presets. Free, fast, browser-based compression.","","15","exam-pdf-compressor","true","published","exam document compressor, compress pdf for exam portal, certificate pdf compressor, aadhaar pdf compress","6a05ddf9bca1c7335867f58e","2026-05-14T14:36:41.579000","2026-05-14T15:08:49.536000","69ffeaa17ae1df15a357b75e","arulraj8637@gmail.com","false"
"","text","User","Resize photos to exact SSC CGL, CHSL, MTS dimensions and KB limits. Supports all SSC exam photo requirements.","[]","[]","<p>Resize your passport photo to exactly what SSC exams require — 100×120 px, 4 to 20 KB. Binary-search quality optimization ensures your image hits the target KB.</p>","","SSC Photo Resizer Online - Resize to 100x120px 20KB for SSC CGL CHSL","true","8202","6a05c839e01b09d2ad6710ce","[]","SSC Photo Resizer","Free online SSC photo resizer. Resize your photo to exact SSC CGL, CHSL, MTS dimensions (100×120 px, max 20 KB). Works in browser, no upload needed.","","1","ssc-photo-resizer","true","published","","6a05c87de01b09d2ad6710f8","2026-05-14T13:05:01.680000","2026-05-15T00:49:31.358000","69ffeaa17ae1df15a357b75e","arulraj8637@gmail.com","false"
"","text","PenLine","Resize and enhance your signature for SSC exams. Exact 140×60 px, max 12 KB with black ink enhancement.","[]","[]","<p>Prepare your signature for SSC exam portals. Automatically resizes to 140×60 px within 12 KB and enhances ink contrast by darkening the signature and whitening the background.</p>","","SSC Signature Resizer - Resize Signature to 140x60px 12KB Online","false","5600","6a05c839e01b09d2ad6710ce","[]","SSC Signature Resizer","Resize your signature for SSC exams online. Exact 140×60 px, max 12 KB. Ink enhancement, background cleaning. 100% free, browser only.","","2","ssc-signature-resizer","true","published","","6a05c87de01b09d2ad6710f9","2026-05-14T13:05:01.680000","2026-05-14T13:05:01.680000","69ffeaa17ae1df15a357b75e","arulraj8637@gmail.com","false"
"","text","Train","Resize photos for RRB NTPC, Group D, ALP, and JE exams to exact pixel dimensions and KB limits.","[]","[]","<p>Prepare your photo for all Railway recruitment exams including RRB NTPC, Group D, ALP, and JE. Exact dimensions and KB targeting.</p>","","Railway Exam Photo Resizer - RRB NTPC Group D Photo Resize Online","true","6100","6a05c839e01b09d2ad6710ce","[]","Railway Photo Resizer","Resize photo for RRB NTPC, Group D, ALP exams. Exact 100×120 px, 10-40 KB. Free online tool, no upload to server.","","3","railway-photo-resizer","false","published","","6a05c87de01b09d2ad6710fa","2026-05-14T13:05:01.680000","2026-05-14T13:05:01.680000","69ffeaa17ae1df15a357b75e","arulraj8637@gmail.com","false"
"","text","Landmark","Resize photos and signatures for IBPS PO, SBI PO/Clerk, RBI, and NABARD exams to exact specifications.","[]","[]","<p>Quickly prepare exam-ready photos and signatures for IBPS PO, IBPS Clerk, SBI PO, SBI Clerk, RBI Grade B, NABARD, and more banking exams.</p>","","Bank Exam Photo Resizer - IBPS SBI PO Clerk Photo Resize Online Free","false","7401","6a05c839e01b09d2ad6710ce","[]","Bank Exam Photo Tool","Resize photo for IBPS PO, SBI Clerk, RBI exams. 200×230 px, 20-50 KB. Free, instant, browser-based tool.","","4","bank-exam-photo-tool","true","published","","6a05c87de01b09d2ad6710fb","2026-05-14T13:05:01.680000","2026-05-14T13:07:42.468000","69ffeaa17ae1df15a357b75e","arulraj8637@gmail.com","false"
"","text","Camera","Create passport size photos with exact dimensions. Generate a printable 4×6 sheet with multiple copies.","[]","[]","<p>Create India passport photos (35×45mm), US visa photos (2×2 inch), SSC exam photos, and more. Generates a printable 4×6 sheet with multiple copies for home printing.</p>","","Passport Size Photo Maker Online Free - India Passport US Visa Photo","true","9801","6a05c839e01b09d2ad6710ce","[]","Passport Size Photo Maker","Create passport size photos online free. India passport (35×45mm), US Visa (2×2 inch), SSC size. Print sheet generator. No app needed.","","5","passport-size-photo-maker","true","published","","6a05c87de01b09d2ad6710fc","2026-05-14T13:05:01.680000","2026-05-14T13:08:05.320000","69ffeaa17ae1df15a357b75e","arulraj8637@gmail.com","false"
"","text","TrendingDown","Compress photos to exact target KB — 20 KB, 50 KB, 100 KB. Binary search quality optimization.","[]","[]","<p>Reduce any photo to an exact KB size using intelligent binary-search quality optimization. Perfect for exam portals that require files under 20 KB, 50 KB, or 100 KB.</p>","","Reduce Photo to 20KB 50KB 100KB Online Free - Exact KB Compressor","true","11200","6a05c839e01b09d2ad6710ce","[]","Photo KB Reducer","Compress photo to exact KB size online. Reduce to 20KB, 50KB, 100KB for exam portals. Binary search quality optimization. 100% client-side.","","6","photo-kb-reducer","false","published","","6a05c87de01b09d2ad6710fd","2026-05-14T13:05:01.680000","2026-05-14T13:05:01.680000","69ffeaa17ae1df15a357b75e","arulraj8637@gmail.com","false"
"","text","Pencil","Draw your signature or upload an existing one. Export as transparent PNG or white background JPG.","[]","[]","<p>Draw your signature digitally or upload a photo of your signature. Export with transparent background (PNG) or white background (JPG) for exam and document submissions.</p>","","Online Signature Maker - Draw or Upload Signature Free","false","3201","6a05c839e01b09d2ad6710ce","[]","Signature Maker","Create digital signature online. Draw with mouse or finger, or upload signature photo. Export transparent PNG or white background JPG for exams.","","7","signature-maker","false","published","","6a05c87de01b09d2ad6710fe","2026-05-14T13:05:01.680000","2026-05-14T13:08:12.362000","69ffeaa17ae1df15a357b75e","arulraj8637@gmail.com","false"
"","text","Crop","Crop photos to exact exam aspect ratios. SSC, IBPS, RRB, UPSC, Passport presets with live preview.","[]","[]","<p>Interactively crop your photo to the exact aspect ratio required for each exam. Presets for SSC, IBPS, RRB, UPSC, and standard passport sizes.</p>","","Exam Photo Cropper - Crop to SSC IBPS RRB Passport Size Online","false","4301","6a05c839e01b09d2ad6710ce","[]","Exam Photo Cropper","Crop photo for government exam. SSC, IBPS, RRB, UPSC, Passport aspect ratio presets. Free online photo cropper with live preview.","","8","exam-photo-cropper","false","published","","6a05c87de01b09d2ad6710ff","2026-05-14T13:05:01.680000","2026-05-14T13:10:44.253000","69ffeaa17ae1df15a357b75e","arulraj8637@gmail.com","false"
"","text","FileDown","Compress PDF files to reduce size. Remove metadata and optimize structure for exam portal uploads.","[]","[]","<p>Compress PDF files by removing hidden metadata and optimizing internal structure. Multiple compression modes including grayscale for maximum size reduction.</p>","","PDF Size Reducer Online Free - Compress PDF to 100KB 200KB","true","12400","6a05c839e01b09d2ad6710ce","[]","PDF Size Reducer","Reduce PDF file size online free. Compress PDF to under 100KB, 200KB, 1MB for exam portals. Client-side, no upload to server.","","9","pdf-size-reducer","true","published","","6a05c87de01b09d2ad671100","2026-05-14T13:05:01.680000","2026-05-14T13:05:01.680000","69ffeaa17ae1df15a357b75e","arulraj8637@gmail.com","false"
"","text","FileBadge","Compress certificates, mark sheets, Aadhaar, PAN scans with presets for each document type.","[]","[]","<p>Compress exam documents with optimized presets — certificates (200 KB), mark sheets (300 KB), Aadhaar (100 KB), PAN (80 KB). Metadata stripped for maximum reduction.</p>","","Compress Certificate PDF Online - Aadhaar PAN Marksheet Size Reducer","false","5800","6a05c839e01b09d2ad6710ce","[]","Exam Document PDF Compressor","Compress Aadhaar, PAN card, certificate, mark sheet PDFs for exam uploads. Free online tool with document-specific presets.","","10","exam-document-pdf-compressor","false","published","","6a05c87de01b09d2ad671101","2026-05-14T13:05:01.680000","2026-05-14T13:05:01.680000","69ffeaa17ae1df15a357b75e","arulraj8637@gmail.com","false"
"","text","FileImage","Convert images to PDF for exam document submissions. Multiple images, reorder, compress, grayscale.","[]","[]","<p>Convert one or multiple photos/scans into a single PDF document. Reorder pages, apply compression or grayscale mode, choose A4 or Letter size.</p>","","Image to PDF Online Free - Convert Photos to PDF for Exam Submission","false","7900","6a05c839e01b09d2ad6710ce","[]","Image to Exam PDF","Convert photos to PDF for government exam uploads. Multiple images, A4 size, grayscale option. Free, browser-based, no signup.","","11","image-to-exam-pdf","true","published","","6a05c87de01b09d2ad671102","2026-05-14T13:05:01.680000","2026-05-14T13:05:01.680000","69ffeaa17ae1df15a357b75e","arulraj8637@gmail.com","false"
"","text","Scissors","Extract specific pages from a PDF. Enter page numbers or ranges and download a new PDF file.","[]","[]","<p>Extract specific pages from any PDF. Enter page numbers like '1,3,5-8' and download a new PDF with only those pages. No size limit when processing client-side.</p>","","PDF Page Extractor Online Free - Extract Pages from PDF","false","3601","6a05c839e01b09d2ad6710ce","[]","PDF Page Extractor","Extract specific pages from PDF online free. Enter page numbers or ranges. Download extracted pages as new PDF. No file size limit.","","12","pdf-page-extractor","false","published","","6a05c87de01b09d2ad671103","2026-05-14T13:05:01.680000","2026-05-14T13:11:49.743000","69ffeaa17ae1df15a357b75e","arulraj8637@gmail.com","false"
"","text","Combine","Merge multiple PDFs into one. Reorder files with drag-and-drop for exam document compilation.","[]","[]","<p>Merge certificates, mark sheets, ID proofs, and other exam documents into a single PDF. Reorder files before merging for perfect document compilation.</p>","","PDF Merger Online Free - Merge PDF Files for Exam Applications","true","9100","6a05c839e01b09d2ad6710ce","[]","PDF Merger","Merge multiple PDF files online free. Combine certificates, mark sheets, ID proof into one PDF for exam applications. Client-side, private.","","13","pdf-merger","true","published","","6a05c87de01b09d2ad671104","2026-05-14T13:05:01.680000","2026-05-14T13:05:01.680000","69ffeaa17ae1df15a357b75e","arulraj8637@gmail.com","false"
"","text","Images","Convert PDF pages to JPG or PNG images. Quality selection, bulk download as ZIP.","[]","[]","<p>Convert each page of a PDF to a high-quality image. Choose JPEG or PNG format, adjust quality and scale. Download all pages as a ZIP archive.</p>","","PDF to Image Online Free - Convert PDF Pages to JPG PNG","false","4200","6a05c839e01b09d2ad6710ce","[]","PDF to Image","Convert PDF pages to JPG or PNG images online free. High quality, bulk download ZIP. No signup, browser-based.","","14","pdf-to-image","false","published","","6a05c87de01b09d2ad671105","2026-05-14T13:05:01.680000","2026-05-14T13:05:01.680000","69ffeaa17ae1df15a357b75e","arulraj8637@gmail.com","false"
"","text","ScanLine","Enhance document photos to look like professional scans. High contrast, shadow removal, PDF export.","[]","[]","<p>Upload a photo of any document and apply scanner-like enhancement — increase contrast, remove shadows, and create a clean white background. Export as JPG or PDF.</p>","","Document Scanner Online Free - Scan Document Photo to PDF","true","6702","6a05c839e01b09d2ad6710ce","[]","Document Scanner Tool","Convert photo of document to scanner quality. High contrast, shadow removal. Export as JPG or PDF. Free online document scanner tool.","","15","document-scanner","false","published","","6a05c87de01b09d2ad671106","2026-05-14T13:05:01.680000","2026-05-14T13:10:18.609000","69ffeaa17ae1df15a357b75e","arulraj8637@gmail.com","false"
"","text","Pipette","Extract colors from any image. Get hex, RGB, and HSL values by clicking anywhere on the image.","[]","[]","<p>Upload an image and click anywhere to pick colors. Instantly get hex, RGB, and HSL color codes for your design projects.</p>","","","false","2101","6a056ee1fdf72efa8d0ff3b4","[]","Color Picker","","","7","image-color-picker","false","published","","6a056f692a3ad3c962327323","2026-05-14T06:44:57.174000","2026-05-14T06:54:47.107000","69ffeaa17ae1df15a357b75e","arulraj8637@gmail.com","false"
"","text","Info","View and strip EXIF metadata from images. See camera settings, GPS location, and technical details.","[]","[]","<p>Reveal hidden metadata in your photos including camera model, exposure settings, GPS coordinates, and more. Optionally strip all metadata for privacy.</p>","","","false","1501","6a056ee1fdf72efa8d0ff3b4","[]","Image Metadata Viewer","","","8","image-metadata-viewer","false","published","","6a056f692a3ad3c962327324","2026-05-14T06:44:57.174000","2026-05-14T06:51:51.056000","69ffeaa17ae1df15a357b75e","arulraj8637@gmail.com","false"
"","text","Eraser","Remove image backgrounds automatically using AI-powered edge detection. Export with transparent PNG.","[]","[]","<p>Automatically remove backgrounds from photos using client-side AI processing. Download the result as a transparent PNG.</p>","","","true","6832","6a056ee1fdf72efa8d0ff3b4","[]","Background Remover","","","9","background-remover","true","published","","6a056f692a3ad3c962327325","2026-05-14T06:44:57.174000","2026-05-14T13:07:48.331000","69ffeaa17ae1df15a357b75e","arulraj8637@gmail.com","false"
"","text","RotateCw","Rotate and flip images in any direction. Supports 90°, 180°, 270° rotations and horizontal/vertical flips.","[]","[]","<p>Easily rotate or flip your images. Choose from preset angles or enter a custom rotation, then download the result instantly.</p>","","","false","1200","6a056ee1fdf72efa8d0ff3b4","[]","Image Rotator","","","10","image-rotator","false","published","","6a056f692a3ad3c962327326","2026-05-14T06:44:57.174000","2026-05-14T06:44:57.174000","69ffeaa17ae1df15a357b75e","arulraj8637@gmail.com","false"
"","text","Minimize2","Compress images without visible quality loss. Supports JPG, PNG, WebP with real-time before/after comparison.","[]","[]","<p>Reduce image file sizes dramatically while preserving visual quality. Perfect for web optimization, email attachments, and storage savings.</p>","","","true","5202","6a056ee1fdf72efa8d0ff3b4","[]","Image Compressor","","","1","image-compressor","true","published","","6a056f692a3ad3c96232731d","2026-05-14T06:44:57.173000","2026-05-14T06:57:44.010000","69ffeaa17ae1df15a357b75e","arulraj8637@gmail.com","false"
"","text","Expand","Resize images to exact dimensions or by percentage. Includes social media presets for all major platforms.","[]","[]","<p>Quickly resize any image to the exact pixel dimensions you need, with popular presets for Instagram, Twitter, Facebook, and more.</p>","","","false","4103","6a056ee1fdf72efa8d0ff3b4","[]","Image Resizer","","","2","image-resizer","true","published","","6a056f692a3ad3c96232731e","2026-05-14T06:44:57.173000","2026-05-14T11:31:28.108000","69ffeaa17ae1df15a357b75e","arulraj8637@gmail.com","false"
"","text","RefreshCw","Convert images between JPG, PNG, WebP, GIF, BMP, and HEIC formats instantly in your browser.","[]","[]","<p>Convert any image format to another without uploading to a server. All processing happens locally in your browser for maximum privacy.</p>","","","true","3801","6a056ee1fdf72efa8d0ff3b4","[]","Image Converter","","","3","image-converter","false","published","","6a056f692a3ad3c96232731f","2026-05-14T06:44:57.173000","2026-05-14T06:52:49.203000","69ffeaa17ae1df15a357b75e","arulraj8637@gmail.com","false"
"","text","Crop","Crop images with precision using drag-and-drop. Supports free crop and fixed aspect ratios like 1:1, 16:9, 4:3.","[]","[]","<p>Interactively crop your images to any size or aspect ratio with a smooth drag-and-drop interface powered by react-easy-crop.</p>","","","false","2901","6a056ee1fdf72efa8d0ff3b4","[]","Image Cropper","","","4","image-cropper","false","published","","6a056f692a3ad3c962327320","2026-05-14T06:44:57.173000","2026-05-14T06:45:28.407000","69ffeaa17ae1df15a357b75e","arulraj8637@gmail.com","false"
"","text","FileImage","Convert one or multiple images into a PDF document. Reorder pages, choose orientation, and download instantly.","[]","[]","<p>Turn your images into a professional PDF document. Upload multiple images, reorder them, and export to PDF in seconds.</p>","","","false","3301","6a056ee1fdf72efa8d0ff3b4","[]","Image to PDF","","","5","image-to-pdf","true","published","","6a056f692a3ad3c962327321","2026-05-14T06:44:57.173000","2026-05-14T06:52:11.863000","69ffeaa17ae1df15a357b75e","arulraj8637@gmail.com","false"
"","text","Stamp","Add text or image watermarks to photos. Control position, opacity, font size, and color.","[]","[]","<p>Protect your images by adding customizable text watermarks. Choose position, opacity, size, and color to match your brand.</p>","","","false","1801","6a056ee1fdf72efa8d0ff3b4","[]","Image Watermark","","","6","image-watermark","false","published","","6a056f692a3ad3c962327322","2026-05-14T06:44:57.173000","2026-05-14T06:53:16.351000","69ffeaa17ae1df15a357b75e","arulraj8637@gmail.com","false"
"","json","Terminal","Test and debug regular expressions with live match highlighting","[{""min"":null,""max"":null,""name"":""pattern"",""options"":[],""default_value"":null,""label"":""Regex Pattern"",""placeholder"":""\\b[A-Z][a-z]+\\b"",""type"":""text"",""required"":true},{""min"":null,""max"":null,""name"":""flags"",""options"":[""g"",""gi"",""gm"",""i"",""m""],""default_value"":""g"",""label"":""Flags"",""placeholder"":null,""type"":""select"",""required"":null},{""min"":null,""max"":null,""name"":""text"",""options"":[],""default_value"":null,""label"":""Test String"",""placeholder"":""Enter text to test against the pattern..."",""type"":""textarea"",""required"":true}]","[]","","","","false","4","69ffed31dfb6ae9768b83390","[]","Regex Tester","","builtin","12","regex-tester","true","published","","6a0120c3ea9aafde855e8d4c","2026-05-11T00:20:19.540000","2026-05-12T00:40:58.510000","69ffeaa17ae1df15a357b75e","arulraj8637@gmail.com","false"
"","json","Timer","Convert Unix timestamps to human-readable dates and vice versa","[{""min"":null,""max"":null,""name"":""timestamp"",""options"":[],""default_value"":null,""label"":""Unix Timestamp or Date"",""placeholder"":""1700000000 or 2024-01-15"",""type"":""text"",""required"":true}]","[]","","","","false","3","69ffed31dfb6ae9768b83390","[]","Unix Timestamp Converter","","builtin","11","unix-timestamp","false","published","","6a0120c3ea9aafde855e8d4b","2026-05-11T00:20:19.540000","2026-05-11T15:49:35.363000","69ffeaa17ae1df15a357b75e","arulraj8637@gmail.com","false"
"","json","Gauge","Calculate speed, distance or time using any two known values","[{""min"":null,""max"":null,""name"":""solve_for"",""options"":[""speed"",""distance"",""time""],""default_value"":""speed"",""label"":""Solve For"",""placeholder"":null,""type"":""select"",""required"":null},{""min"":null,""max"":null,""name"":""val1"",""options"":[],""default_value"":null,""label"":""Distance (km) or Speed (km/h)"",""placeholder"":""100"",""type"":""number"",""required"":null},{""min"":null,""max"":null,""name"":""val2"",""options"":[],""default_value"":null,""label"":""Time (hours) or Distance (km)"",""placeholder"":""2"",""type"":""number"",""required"":null}]","[]","","","","false","2","69ffed31dfb6ae9768b83393","[]","Speed Distance Time","","builtin","4","speed-distance-time","false","published","","6a0120c3ea9aafde855e8d4d","2026-05-11T00:20:19.540000","2026-05-11T06:38:19.692000","69ffeaa17ae1df15a357b75e","arulraj8637@gmail.com","false"
"","json","Activity","Estimate body fat percentage using the Navy formula","[{""min"":null,""max"":null,""name"":""gender"",""options"":[""male"",""female""],""default_value"":""male"",""label"":""Gender"",""placeholder"":null,""type"":""select"",""required"":null},{""min"":null,""max"":null,""name"":""height"",""options"":[],""default_value"":null,""label"":""Height (cm)"",""placeholder"":""175"",""type"":""number"",""required"":true},{""min"":null,""max"":null,""name"":""waist"",""options"":[],""default_value"":null,""label"":""Waist (cm)"",""placeholder"":""80"",""type"":""number"",""required"":true},{""min"":null,""max"":null,""name"":""neck"",""options"":[],""default_value"":null,""label"":""Neck (cm)"",""placeholder"":""37"",""type"":""number"",""required"":true},{""min"":null,""max"":null,""name"":""hip"",""options"":[],""default_value"":null,""label"":""Hip (cm, women only)"",""placeholder"":""95"",""type"":""number"",""required"":null}]","[]","","","","false","5","69ffed31dfb6ae9768b8338d","[]","Body Fat Calculator","","builtin","6","body-fat","false","published","","6a0120c3ea9aafde855e8d4e","2026-05-11T00:20:19.540000","2026-05-13T02:32:12.266000","69ffeaa17ae1df15a357b75e","arulraj8637@gmail.com","false"
"","json","Scale","Compare multiple loan offers side by side to find the best deal","[{""min"":null,""max"":null,""name"":""principal"",""options"":[],""default_value"":null,""label"":""Loan Amount (₹)"",""placeholder"":""500000"",""type"":""number"",""required"":true},{""min"":null,""max"":null,""name"":""rate1"",""options"":[],""default_value"":null,""label"":""Bank 1 Rate (%)"",""placeholder"":""8.5"",""type"":""number"",""required"":true},{""min"":null,""max"":null,""name"":""rate2"",""options"":[],""default_value"":null,""label"":""Bank 2 Rate (%)"",""placeholder"":""9.0"",""type"":""number"",""required"":true},{""min"":null,""max"":null,""name"":""tenure_months"",""options"":[],""default_value"":null,""label"":""Tenure (Months)"",""placeholder"":""60"",""type"":""number"",""required"":true}]","[]","","","","false","1","69ffed31dfb6ae9768b8338c","[]","Loan Comparison Calculator","","builtin","10","loan-comparison","true","published","","6a0120c3ea9aafde855e8d43","2026-05-11T00:20:19.539000","2026-05-11T00:53:05.537000","69ffeaa17ae1df15a357b75e","arulraj8637@gmail.com","false"
"","json","PiggyBank","Plan your retirement corpus and monthly savings needed","[{""min"":null,""max"":null,""name"":""current_age"",""options"":[],""default_value"":null,""label"":""Current Age"",""placeholder"":""30"",""type"":""number"",""required"":true},{""min"":null,""max"":null,""name"":""retirement_age"",""options"":[],""default_value"":""60"",""label"":""Retirement Age"",""placeholder"":""60"",""type"":""number"",""required"":null},{""min"":null,""max"":null,""name"":""monthly_expense"",""options"":[],""default_value"":null,""label"":""Monthly Expense (₹)"",""placeholder"":""50000"",""type"":""number"",""required"":true},{""min"":null,""max"":null,""name"":""expected_return"",""options"":[],""default_value"":""10"",""label"":""Expected Return (%)"",""placeholder"":""10"",""type"":""number"",""required"":null},{""min"":null,""max"":null,""name"":""inflation"",""options"":[],""default_value"":""6"",""label"":""Inflation Rate (%)"",""placeholder"":""6"",""type"":""number"",""required"":null}]","[]","","","","false","0","69ffed31dfb6ae9768b8338c","[]","Retirement Calculator","","builtin","11","retirement-calculator","true","published","","6a0120c3ea9aafde855e8d44","2026-05-11T00:20:19.539000","2026-05-11T00:20:19.539000","69ffeaa17ae1df15a357b75e","arulraj8637@gmail.com","false"
"","json","Flame","Calculate daily calorie needs based on age, weight, height and activity","[{""min"":null,""max"":null,""name"":""age"",""options"":[],""default_value"":null,""label"":""Age (years)"",""placeholder"":""25"",""type"":""number"",""required"":true},{""min"":null,""max"":null,""name"":""gender"",""options"":[""male"",""female""],""default_value"":""male"",""label"":""Gender"",""placeholder"":null,""type"":""select"",""required"":null},{""min"":null,""max"":null,""name"":""weight"",""options"":[],""default_value"":null,""label"":""Weight (kg)"",""placeholder"":""70"",""type"":""number"",""required"":true},{""min"":null,""max"":null,""name"":""height"",""options"":[],""default_value"":null,""label"":""Height (cm)"",""placeholder"":""175"",""type"":""number"",""required"":true},{""min"":null,""max"":null,""name"":""activity"",""options"":[""sedentary"",""light"",""moderate"",""active"",""very_active""],""default_value"":""moderate"",""label"":""Activity Level"",""placeholder"":null,""type"":""select"",""required"":null}]","[]","","","","true","1","69ffed31dfb6ae9768b8338d","[]","Calorie Calculator","","builtin","5","calorie-calculator","false","published","","6a0120c3ea9aafde855e8d46","2026-05-11T00:20:19.539000","2026-05-11T06:40:34.926000","69ffeaa17ae1df15a357b75e","arulraj8637@gmail.com","false"
"","json","DollarSign","Convert between 170+ world currencies with live rates","[{""min"":null,""max"":null,""name"":""amount"",""options"":[],""default_value"":null,""label"":""Amount"",""placeholder"":""100"",""type"":""number"",""required"":true},{""min"":null,""max"":null,""name"":""from_currency"",""options"":[""USD"",""EUR"",""GBP"",""INR"",""JPY"",""CAD"",""AUD"",""CHF"",""CNY"",""SGD""],""default_value"":""USD"",""label"":""From Currency"",""placeholder"":null,""type"":""select"",""required"":null},{""min"":null,""max"":null,""name"":""to_currency"",""options"":[""INR"",""USD"",""EUR"",""GBP"",""JPY"",""CAD"",""AUD"",""CHF"",""CNY"",""SGD""],""default_value"":""INR"",""label"":""To Currency"",""placeholder"":null,""type"":""select"",""required"":null}]","[]","","","","true","3","69ffed31dfb6ae9768b8338e","[]","Currency Converter","","builtin","1","currency-converter","true","published","","6a0120c3ea9aafde855e8d45","2026-05-11T00:20:19.539000","2026-05-11T06:43:28.193000","69ffeaa17ae1df15a357b75e","arulraj8637@gmail.com","false"
"","json","Globe","Look up any IP address geolocation, ISP and network information","[{""min"":null,""max"":null,""name"":""ip"",""options"":[],""default_value"":null,""label"":""IP Address"",""placeholder"":""8.8.8.8"",""type"":""text"",""required"":true}]","[]","","","","false","1","69ffed31dfb6ae9768b83390","[]","IP Address Lookup","","builtin","10","ip-lookup","false","published","","6a0120c3ea9aafde855e8d4a","2026-05-11T00:20:19.539000","2026-05-11T15:49:21.864000","69ffeaa17ae1df15a357b75e","arulraj8637@gmail.com","false"
"","text","Type","Convert numbers to English words — perfect for cheques and documents","[{""min"":null,""max"":null,""name"":""number"",""options"":[],""default_value"":null,""label"":""Number"",""placeholder"":""12345"",""type"":""number"",""required"":true}]","[]","","","","true","0","69ffed31dfb6ae9768b8338f","[]","Number to Words","","builtin","7","number-to-words","false","published","","6a0120c3ea9aafde855e8d47","2026-05-11T00:20:19.539000","2026-05-11T00:20:19.539000","69ffeaa17ae1df15a357b75e","arulraj8637@gmail.com","false"
"","text","Hash","Generate relevant hashtags from any text for social media","[{""min"":null,""max"":null,""name"":""text"",""options"":[],""default_value"":null,""label"":""Your Text / Description"",""placeholder"":""Write about digital marketing strategies for growing businesses..."",""type"":""textarea"",""required"":true}]","[]","","","","false","0","69ffed31dfb6ae9768b8338f","[]","Text to Hashtags","","builtin","8","text-to-hashtags","false","published","","6a0120c3ea9aafde855e8d48","2026-05-11T00:20:19.539000","2026-05-11T00:20:19.539000","69ffeaa17ae1df15a357b75e","arulraj8637@gmail.com","false"
"","json","Palette","Pick colors, get HEX, RGB, HSL codes and generate color palettes","[{""min"":null,""max"":null,""name"":""color"",""options"":[],""default_value"":""#6366f1"",""label"":""Pick a Color"",""placeholder"":null,""type"":""color"",""required"":null}]","[]","","","","true","0","69ffed31dfb6ae9768b83390","[]","Hex Color Picker","","builtin","9","hex-color-picker","false","published","","6a0120c3ea9aafde855e8d49","2026-05-11T00:20:19.539000","2026-05-11T00:20:19.539000","69ffeaa17ae1df15a357b75e","arulraj8637@gmail.com","false"
"{}","json","Ruler","Convert length, weight, area, volume and speed units","[{""min"":null,""max"":null,""name"":""category"",""options"":[""length"",""weight"",""area"",""volume"",""speed""],""default_value"":""length"",""label"":""Category"",""placeholder"":null,""type"":""select"",""required"":null},{""min"":null,""max"":null,""name"":""value"",""options"":[],""default_value"":null,""label"":""Value"",""placeholder"":""100"",""type"":""number"",""required"":true},{""min"":null,""max"":null,""name"":""from_unit"",""options"":[],""default_value"":null,""label"":""From Unit"",""placeholder"":""m"",""type"":""text"",""required"":null},{""min"":null,""max"":null,""name"":""to_unit"",""options"":[],""default_value"":null,""label"":""To Unit"",""placeholder"":""ft"",""type"":""text"",""required"":null}]","[]","","","","false","3","69ffed31dfb6ae9768b83393","[]","Unit Converter","","builtin","0","unit-converter","true","published","","6a007ea5e557b0e470d9343d","2026-05-10T12:48:37.040000","2026-05-11T06:38:29.115000","69ffeaa17ae1df15a357b75e","arulraj8637@gmail.com","false"
"{}","text","Globe","Decode URL-encoded strings back to readable text","[{""min"":null,""max"":null,""name"":""text"",""options"":[],""default_value"":null,""label"":""Encoded URL to Decode"",""placeholder"":""https%3A%2F%2Fexample.com"",""type"":""textarea"",""required"":true}]","[]","","","","false","2","69ffed31dfb6ae9768b83390","[]","URL Decoder","","builtin","5","url-decoder","false","published","","69fff5a695c573c77191afe5","2026-05-10T03:04:06.782000","2026-05-11T02:47:14.438000","69ffeaa17ae1df15a357b75e","arulraj8637@gmail.com","false"
"{}","text","Hash","Convert between Roman numerals and Arabic numbers","[{""min"":null,""max"":null,""name"":""value"",""options"":[],""default_value"":null,""label"":""Number or Roman Numeral"",""placeholder"":""2024 or MMXXIV"",""type"":""text"",""required"":true}]","[]","","","","false","2","69ffed31dfb6ae9768b83393","[]","Roman Numeral Converter","","builtin","3","roman-numerals","false","published","","69fff5a695c573c77191afeb","2026-05-10T03:04:06.782000","2026-05-11T06:39:25.157000","69ffeaa17ae1df15a357b75e","arulraj8637@gmail.com","false"
"{}","text","Globe","Encode special characters in URLs for safe transmission","[{""min"":null,""max"":null,""name"":""text"",""options"":[],""default_value"":null,""label"":""URL or Text to Encode"",""placeholder"":""https://example.com/path?q=hello world"",""type"":""textarea"",""required"":true}]","[]","","","","false","1","69ffed31dfb6ae9768b83390","[]","URL Encoder","","builtin","4","url-encoder","false","published","","69fff5a695c573c77191afe4","2026-05-10T03:04:06.782000","2026-05-10T03:11:55.502000","69ffeaa17ae1df15a357b75e","arulraj8637@gmail.com","false"
"{}","text","Lock","Generate strong, random, secure passwords","[{""min"":null,""max"":null,""name"":""length"",""options"":[],""default_value"":""16"",""label"":""Password Length"",""placeholder"":""16"",""type"":""number"",""required"":null},{""min"":null,""max"":null,""name"":""uppercase"",""options"":[""true"",""false""],""default_value"":""true"",""label"":""Include Uppercase"",""placeholder"":null,""type"":""select"",""required"":null},{""min"":null,""max"":null,""name"":""numbers"",""options"":[""true"",""false""],""default_value"":""true"",""label"":""Include Numbers"",""placeholder"":null,""type"":""select"",""required"":null},{""min"":null,""max"":null,""name"":""symbols"",""options"":[""true"",""false""],""default_value"":""false"",""label"":""Include Symbols"",""placeholder"":null,""type"":""select"",""required"":null}]","[]","","","","true","2","69ffed31dfb6ae9768b83390","[]","Password Generator","","builtin","6","password-generator","false","published","","69fff5a695c573c77191afe6","2026-05-10T03:04:06.782000","2026-05-11T02:52:39.393000","69ffeaa17ae1df15a357b75e","arulraj8637@gmail.com","false"
"{}","file","FileImage","Convert JPG images to PNG format with transparency support","[]","[]","","","","true","1","69ffed31dfb6ae9768b83392","[]","JPG to PNG Converter","","builtin","2","jpg-to-png","false","published","","69fff5a695c573c77191afed","2026-05-10T03:04:06.782000","2026-05-12T01:11:01.281000","69ffeaa17ae1df15a357b75e","arulraj8637@gmail.com","false"
"{}","json","Thermometer","Convert between Celsius, Fahrenheit and Kelvin instantly","[{""min"":null,""max"":null,""name"":""value"",""options"":[],""default_value"":null,""label"":""Temperature"",""placeholder"":""100"",""type"":""number"",""required"":true},{""min"":null,""max"":null,""name"":""from_unit"",""options"":[""C"",""F"",""K""],""default_value"":""C"",""label"":""From"",""placeholder"":null,""type"":""select"",""required"":null}]","[]","","","","true","2","69ffed31dfb6ae9768b83393","[]","Temperature Converter","","builtin","1","temperature-converter","false","published","","69fff5a695c573c77191afe9","2026-05-10T03:04:06.782000","2026-05-11T06:38:57.846000","69ffeaa17ae1df15a357b75e","arulraj8637@gmail.com","false"
"{}","file","FileImage","Convert PNG images to JPG/JPEG format with quality control","[]","[]","","","","false","2","69ffed31dfb6ae9768b83392","[]","PNG to JPG Converter","","builtin","3","png-to-jpg","false","published","","69fff5a695c573c77191afee","2026-05-10T03:04:06.782000","2026-05-12T01:11:08.724000","69ffeaa17ae1df15a357b75e","arulraj8637@gmail.com","false"
"{}","text","Code2","Decode Base64 encoded strings back to plain text","[{""min"":null,""max"":null,""name"":""text"",""options"":[],""default_value"":null,""label"":""Base64 to Decode"",""placeholder"":""SGVsbG8sIFdvcmxkIQ=="",""type"":""textarea"",""required"":true}]","[]","","","","false","0","69ffed31dfb6ae9768b83390","[]","Base64 Decoder","","builtin","3","base64-decoder","false","published","","69fff5a695c573c77191afe3","2026-05-10T03:04:06.782000","2026-05-10T03:04:06.782000","69ffeaa17ae1df15a357b75e","arulraj8637@gmail.com","false"
"{}","json","Hash","Convert between binary, decimal, hexadecimal and octal numbers","[{""min"":null,""max"":null,""name"":""value"",""options"":[],""default_value"":null,""label"":""Value to Convert"",""placeholder"":""255"",""type"":""text"",""required"":true},{""min"":null,""max"":null,""name"":""from_base"",""options"":[""decimal"",""binary"",""hex"",""octal""],""default_value"":""decimal"",""label"":""From Base"",""placeholder"":null,""type"":""select"",""required"":null}]","[]","","","","false","0","69ffed31dfb6ae9768b83390","[]","Binary Converter","","builtin","8","binary-converter","false","published","","69fff5a695c573c77191afe8","2026-05-10T03:04:06.782000","2026-05-10T03:04:06.782000","69ffeaa17ae1df15a357b75e","arulraj8637@gmail.com","false"
"{}","json","Braces","Format, validate and beautify JSON with syntax highlighting","[{""min"":null,""max"":null,""name"":""text"",""options"":[],""default_value"":null,""label"":""JSON Input"",""placeholder"":""{\""key\"":\""value\"",\""array\"":[1,2,3]}"",""type"":""textarea"",""required"":true}]","[]","","","JSON Formatter & Validator – Beautify JSON Online","true","0","69ffed31dfb6ae9768b83390","[]","JSON Formatter","Free JSON formatter, validator and beautifier. Format minified JSON, validate syntax errors, with syntax highlighting.","builtin","1","json-formatter","true","published","","69fff5a695c573c77191afe1","2026-05-10T03:04:06.782000","2026-05-10T03:04:06.782000","69ffeaa17ae1df15a357b75e","arulraj8637@gmail.com","false"
"{}","text","Code","Encode text or data to Base64 format","[{""min"":null,""max"":null,""name"":""text"",""options"":[],""default_value"":null,""label"":""Text to Encode"",""placeholder"":""Hello, World!"",""type"":""textarea"",""required"":true}]","[]","","","","true","0","69ffed31dfb6ae9768b83390","[]","Base64 Encoder","","builtin","2","base64-encoder","false","published","","69fff5a695c573c77191afe2","2026-05-10T03:04:06.782000","2026-05-10T03:04:06.782000","69ffeaa17ae1df15a357b75e","arulraj8637@gmail.com","false"
"{}","json","Car","Estimate fuel cost for any journey based on distance and mileage","[{""min"":null,""max"":null,""name"":""distance_km"",""options"":[],""default_value"":null,""label"":""Distance (km)"",""placeholder"":""200"",""type"":""number"",""required"":true},{""min"":null,""max"":null,""name"":""fuel_efficiency"",""options"":[],""default_value"":""15"",""label"":""Fuel Efficiency (km/L)"",""placeholder"":""15"",""type"":""number"",""required"":null},{""min"":null,""max"":null,""name"":""fuel_price"",""options"":[],""default_value"":null,""label"":""Fuel Price (₹/L)"",""placeholder"":""100"",""type"":""number"",""required"":true}]","[]","","","","false","3","69ffed31dfb6ae9768b83393","[]","Fuel Cost Calculator","","builtin","2","fuel-cost","false","published","","69fff5a695c573c77191afea","2026-05-10T03:04:06.782000","2026-05-11T06:39:18.883000","69ffeaa17ae1df15a357b75e","arulraj8637@gmail.com","false"
"{}","text","Fingerprint","Generate cryptographically random UUID v4 identifiers","[]","[]","","","","false","2","69ffed31dfb6ae9768b83390","[]","UUID Generator","","builtin","7","uuid-generator","false","published","","69fff5a695c573c77191afe7","2026-05-10T03:04:06.782000","2026-05-11T02:52:29.662000","69ffeaa17ae1df15a357b75e","arulraj8637@gmail.com","false"
"{}","file","ImageDown","Compress images online with quality control. Reduce file size up to 90%","[]","[]","","","Image Compressor – Compress Images Online Free","true","2","69ffed31dfb6ae9768b83392","[]","Image Compressor","Free online image compressor. Reduce JPG, PNG, WEBP image file size without losing quality. No upload limits.","builtin","1","image-compressor","true","published","","69fff5a695c573c77191afec","2026-05-10T03:04:06.782000","2026-05-12T01:10:26.668000","69ffeaa17ae1df15a357b75e","arulraj8637@gmail.com","false"
"{}","json","Calendar","Calculate exact age in years, months, days and time to next birthday","[{""min"":null,""max"":null,""name"":""dob"",""options"":[],""default_value"":null,""label"":""Date of Birth"",""placeholder"":null,""type"":""date"",""required"":true}]","[]","","","Age Calculator – Calculate Your Exact Age Online","true","1","69ffed31dfb6ae9768b8338d","[]","Age Calculator","Free age calculator. Find your exact age in years, months, days, hours and minutes. Calculate days until your next birthday.","builtin","2","age-calculator","true","published","","69fff58395c573c77191afd8","2026-05-10T03:03:31.867000","2026-05-11T06:30:04.952000","69ffeaa17ae1df15a357b75e","arulraj8637@gmail.com","false"
"{}","json","AlignLeft","Count words, characters, sentences, paragraphs and reading time","[{""min"":null,""max"":null,""name"":""text"",""options"":[],""default_value"":null,""label"":""Enter your text"",""placeholder"":""Paste or type your text here..."",""type"":""textarea"",""required"":true}]","[]","","","Word Counter – Count Words, Characters & Reading Time","true","1","69ffed31dfb6ae9768b8338f","[]","Word Counter","Free online word counter tool. Count words, characters, sentences, paragraphs and estimated reading time.","builtin","1","word-counter","true","published","","69fff58395c573c77191afda","2026-05-10T03:03:31.867000","2026-05-11T02:57:57.766000","69ffeaa17ae1df15a357b75e","arulraj8637@gmail.com","false"
"{}","text","ArrowLeftRight","Reverse any text, string or sentence instantly","[{""min"":null,""max"":null,""name"":""text"",""options"":[],""default_value"":null,""label"":""Text to Reverse"",""placeholder"":""Hello World"",""type"":""textarea"",""required"":true}]","[]","","","","false","0","69ffed31dfb6ae9768b8338f","[]","Text Reverser","","builtin","3","text-reverser","false","published","","69fff58395c573c77191afdc","2026-05-10T03:03:31.867000","2026-05-10T03:03:31.867000","69ffeaa17ae1df15a357b75e","arulraj8637@gmail.com","false"
"{}","json","Activity","Calculate your Body Mass Index and find your ideal weight range","[{""min"":null,""max"":null,""name"":""weight"",""options"":[],""default_value"":null,""label"":""Weight (kg)"",""placeholder"":""70"",""type"":""number"",""required"":true},{""min"":null,""max"":null,""name"":""height_cm"",""options"":[],""default_value"":null,""label"":""Height (cm)"",""placeholder"":""175"",""type"":""number"",""required"":true}]","[]","","","BMI Calculator – Calculate Body Mass Index Free","true","3","69ffed31dfb6ae9768b8338d","[{""question"":""What is a healthy BMI?"",""answer"":""A BMI between 18.5 and 24.9 is considered normal/healthy weight.""}]","BMI Calculator","Free BMI calculator. Enter your weight and height to instantly calculate your Body Mass Index and ideal weight range.","builtin","1","bmi-calculator","true","published","","69fff58395c573c77191afd7","2026-05-10T03:03:31.867000","2026-05-11T06:36:46.019000","69ffeaa17ae1df15a357b75e","arulraj8637@gmail.com","false"
"{}","json","GraduationCap","Calculate CGPA from semester grades and credits, convert to percentage","[{""min"":null,""max"":null,""name"":""grades"",""options"":[],""default_value"":null,""label"":""Grades & Credits (one per line: grade credits)"",""placeholder"":""8.5 4\n7.0 3\n9.0 4\n6.5 2"",""type"":""textarea"",""required"":true}]","[]","","","CGPA Calculator – Calculate GPA and Percentage Online","false","3","69ffed31dfb6ae9768b8338d","[]","CGPA Calculator","Free CGPA calculator. Calculate cumulative grade point average from your semester grades and credits.","builtin","3","cgpa-calculator","false","published","","69fff58395c573c77191afd9","2026-05-10T03:03:31.867000","2026-05-11T06:41:05.256000","69ffeaa17ae1df15a357b75e","arulraj8637@gmail.com","false"
"{}","text","ArrowUpDown","Sort lines of text alphabetically","[{""min"":null,""max"":null,""name"":""text"",""options"":[],""default_value"":null,""label"":""Lines to Sort"",""placeholder"":""banana\napple\ncherry"",""type"":""textarea"",""required"":true}]","[]","","","","false","0","69ffed31dfb6ae9768b8338f","[]","Line Sorter","","builtin","5","line-sorter","false","published","","69fff58395c573c77191afde","2026-05-10T03:03:31.867000","2026-05-10T03:03:31.867000","69ffeaa17ae1df15a357b75e","arulraj8637@gmail.com","false"
"{}","text","Link","Generate SEO-friendly URL slugs from any text","[{""min"":null,""max"":null,""name"":""text"",""options"":[],""default_value"":null,""label"":""Text"",""placeholder"":""My Blog Post Title"",""type"":""text"",""required"":true}]","[]","","","","false","0","69ffed31dfb6ae9768b8338f","[]","Slug Generator","","builtin","4","slug-generator","false","published","","69fff58395c573c77191afdd","2026-05-10T03:03:31.867000","2026-05-10T03:03:31.867000","69ffeaa17ae1df15a357b75e","arulraj8637@gmail.com","false"
"{}","text","Layers","Remove duplicate lines from any text or list","[{""min"":null,""max"":null,""name"":""text"",""options"":[],""default_value"":null,""label"":""Text with Duplicates"",""placeholder"":""apple\nbanana\napple\ncherry"",""type"":""textarea"",""required"":true}]","[]","","","","false","0","69ffed31dfb6ae9768b8338f","[]","Duplicate Line Remover","","builtin","6","duplicate-remover","false","published","","69fff58395c573c77191afdf","2026-05-10T03:03:31.867000","2026-05-10T03:03:31.867000","69ffeaa17ae1df15a357b75e","arulraj8637@gmail.com","false"
"{}","json","Type","Convert text between UPPERCASE, lowercase, Title Case, camelCase and more","[{""min"":null,""max"":null,""name"":""text"",""options"":[],""default_value"":null,""label"":""Enter Text"",""placeholder"":""Type or paste your text here..."",""type"":""textarea"",""required"":true}]","[]","","","","true","0","69ffed31dfb6ae9768b8338f","[]","Case Converter","","builtin","2","case-converter","false","published","","69fff58395c573c77191afdb","2026-05-10T03:03:31.867000","2026-05-10T03:03:31.867000","69ffeaa17ae1df15a357b75e","arulraj8637@gmail.com","false"
"{}","json","Percent","Calculate simple interest and total amount for any investment or loan","[{""min"":null,""max"":null,""name"":""principal"",""options"":[],""default_value"":null,""label"":""Principal Amount (₹)"",""placeholder"":""10000"",""type"":""number"",""required"":true},{""min"":null,""max"":null,""name"":""rate"",""options"":[],""default_value"":null,""label"":""Interest Rate (% per year)"",""placeholder"":""10"",""type"":""number"",""required"":true},{""min"":null,""max"":null,""name"":""time_years"",""options"":[],""default_value"":null,""label"":""Time (Years)"",""placeholder"":""2"",""type"":""number"",""required"":true}]","[]","","","","false","2","69ffed31dfb6ae9768b8338e","[]","Simple Interest Calculator","","builtin","4","simple-interest","false","published","","69fff56a95c573c77191afd0","2026-05-10T03:03:06.656000","2026-05-11T06:43:41.047000","69ffeaa17ae1df15a357b75e","arulraj8637@gmail.com","false"
"{}","json","BarChart3","Calculate compound interest with different compounding frequencies","[{""min"":null,""max"":null,""name"":""principal"",""options"":[],""default_value"":null,""label"":""Principal (₹)"",""placeholder"":""10000"",""type"":""number"",""required"":true},{""min"":null,""max"":null,""name"":""rate"",""options"":[],""default_value"":null,""label"":""Annual Rate (%)"",""placeholder"":""10"",""type"":""number"",""required"":true},{""min"":null,""max"":null,""name"":""time_years"",""options"":[],""default_value"":null,""label"":""Time (Years)"",""placeholder"":""5"",""type"":""number"",""required"":true},{""min"":null,""max"":null,""name"":""compound_frequency"",""options"":[""1"",""4"",""12"",""365""],""default_value"":""12"",""label"":""Compound Frequency"",""placeholder"":null,""type"":""select"",""required"":null}]","[]","","","","false","2","69ffed31dfb6ae9768b8338e","[]","Compound Interest Calculator","","builtin","5","compound-interest","false","published","","69fff56a95c573c77191afd1","2026-05-10T03:03:06.656000","2026-05-11T03:57:38.920000","69ffeaa17ae1df15a357b75e","arulraj8637@gmail.com","false"
"{}","json","Percent","Calculate percentages, percentage increase/decrease easily","[{""min"":null,""max"":null,""name"":""value"",""options"":[],""default_value"":null,""label"":""Value"",""placeholder"":""500"",""type"":""number"",""required"":true},{""min"":null,""max"":null,""name"":""percentage"",""options"":[],""default_value"":null,""label"":""Percentage (%)"",""placeholder"":""15"",""type"":""number"",""required"":true}]","[]","","","","false","2","69ffed31dfb6ae9768b8338e","[]","Percentage Calculator","","builtin","7","percentage-calculator","false","published","","69fff56a95c573c77191afd3","2026-05-10T03:03:06.656000","2026-05-11T03:57:54.635000","69ffeaa17ae1df15a357b75e","arulraj8637@gmail.com","false"
"{}","json","Utensils","Split bills and calculate tip amounts per person","[{""min"":null,""max"":null,""name"":""bill_amount"",""options"":[],""default_value"":null,""label"":""Bill Amount (₹)"",""placeholder"":""800"",""type"":""number"",""required"":true},{""min"":null,""max"":null,""name"":""tip_percent"",""options"":[],""default_value"":""15"",""label"":""Tip (%)"",""placeholder"":""15"",""type"":""number"",""required"":null},{""min"":null,""max"":null,""name"":""people"",""options"":[],""default_value"":""1"",""label"":""Number of People"",""placeholder"":""2"",""type"":""number"",""required"":null}]","[]","","","","false","2","69ffed31dfb6ae9768b8338e","[]","Tip Calculator","","builtin","8","tip-calculator","false","published","","69fff56a95c573c77191afd4","2026-05-10T03:03:06.656000","2026-05-11T02:53:56.126000","69ffeaa17ae1df15a357b75e","arulraj8637@gmail.com","false"
"{}","json","Tag","Find final price after discount and how much you save","[{""min"":null,""max"":null,""name"":""original_price"",""options"":[],""default_value"":null,""label"":""Original Price (₹)"",""placeholder"":""1000"",""type"":""number"",""required"":true},{""min"":null,""max"":null,""name"":""discount_percent"",""options"":[],""default_value"":null,""label"":""Discount (%)"",""placeholder"":""20"",""type"":""number"",""required"":true}]","[]","","","","true","2","69ffed31dfb6ae9768b8338e","[]","Discount Calculator","","builtin","6","discount-calculator","false","published","","69fff56a95c573c77191afd2","2026-05-10T03:03:06.656000","2026-05-11T06:48:17.764000","69ffeaa17ae1df15a357b75e","arulraj8637@gmail.com","false"
"{}","json","IndianRupee","Calculate your Equated Monthly Installment for home, car or personal loans","[{""min"":null,""max"":null,""name"":""principal"",""options"":[],""default_value"":null,""label"":""Loan Amount (₹)"",""placeholder"":""500000"",""type"":""number"",""required"":true},{""min"":null,""max"":null,""name"":""rate"",""options"":[],""default_value"":null,""label"":""Annual Interest Rate (%)"",""placeholder"":""8.5"",""type"":""number"",""required"":true},{""min"":null,""max"":null,""name"":""tenure_months"",""options"":[],""default_value"":null,""label"":""Loan Tenure (Months)"",""placeholder"":""60"",""type"":""number"",""required"":true}]","[]","","","EMI Calculator – Calculate Loan EMI Online Free","true","4","69ffed31dfb6ae9768b8338e","[{""question"":""What is EMI?"",""answer"":""EMI (Equated Monthly Installment) is a fixed payment amount made by a borrower to a lender at a specified date each calendar month.""},{""question"":""How is EMI calculated?"",""answer"":""EMI = P × r × (1+r)^n / ((1+r)^n - 1), where P = principal, r = monthly interest rate, n = number of months.""}]","EMI Calculator","Free EMI calculator for home loan, car loan, personal loan. Calculate monthly EMI, total interest, and payment schedule instantly.","builtin","1","emi-calculator","true","published","","69fff56a95c573c77191afcd","2026-05-10T03:03:06.655000","2026-05-11T06:48:51.828000","69ffeaa17ae1df15a357b75e","arulraj8637@gmail.com","false"
"{}","json","Receipt","Add or remove GST from any amount with CGST/SGST breakdown","[{""min"":null,""max"":null,""name"":""amount"",""options"":[],""default_value"":null,""label"":""Amount (₹)"",""placeholder"":""1000"",""type"":""number"",""required"":true},{""min"":null,""max"":null,""name"":""gst_rate"",""options"":[""5"",""12"",""18"",""28""],""default_value"":""18"",""label"":""GST Rate (%)"",""placeholder"":null,""type"":""select"",""required"":true},{""min"":null,""max"":null,""name"":""calculation_type"",""options"":[""exclusive"",""inclusive""],""default_value"":""exclusive"",""label"":""Calculation Type"",""placeholder"":null,""type"":""select"",""required"":null}]","[]","","","","false","1","69ffed31dfb6ae9768b8338e","[]","GST Calculator","","builtin","3","gst-calculator","true","published","","69fff56a95c573c77191afcf","2026-05-10T03:03:06.655000","2026-05-11T02:31:46.723000","69ffeaa17ae1df15a357b75e","arulraj8637@gmail.com","false"
"{}","json","TrendingUp","Calculate returns on your Systematic Investment Plan with compound growth","[{""min"":null,""max"":null,""name"":""monthly_investment"",""options"":[],""default_value"":null,""label"":""Monthly Investment (₹)"",""placeholder"":""5000"",""type"":""number"",""required"":true},{""min"":null,""max"":null,""name"":""expected_return"",""options"":[],""default_value"":null,""label"":""Expected Annual Return (%)"",""placeholder"":""12"",""type"":""number"",""required"":true},{""min"":null,""max"":null,""name"":""tenure_years"",""options"":[],""default_value"":null,""label"":""Investment Period (Years)"",""placeholder"":""10"",""type"":""number"",""required"":true}]","[]","","","SIP Calculator – Mutual Fund SIP Returns Calculator","true","2","69ffed31dfb6ae9768b8338e","[]","SIP Calculator","Calculate SIP returns, future value and wealth gained from systematic investment plans. Free online SIP calculator.","builtin","2","sip-calculator","true","published","","69fff56a95c573c77191afce","2026-05-10T03:03:06.655000","2026-05-11T06:42:55.099000","69ffeaa17ae1df15a357b75e","arulraj8637@gmail.com","false"